{
  "1": {
    "screens": [],
    "nodes": {
      "main": [
        {
          "id": "n_hounbkh",
          "x": 50,
          "y": 50,
          "cx": 103.34846397225253,
          "cy": 30.06161007478748,
          "text": "something"
        }
      ]
    }
  }
}
